Year,"Total Energy Consumed by the Commercial Sector, Monthly","Total Energy Consumed by the Industrial Sector, Monthly","Total Energy Consumed by the Residential Sector, Monthly","Total Energy Consumed by the Transportation Sector, Monthly","Average Retail Price of Electricity, Commercial, Monthly","Average Retail Price of Electricity, Industrial, Monthly","Average Retail Price of Electricity, Residential, Monthly","Average Retail Price of Electricity, Transportation, Monthly","Average Retail Price of Electricity, Total, Monthly"
201905,1409.636,2732.911,1374.866,2416.107,10.53,6.71,13.32,9.51,10.43
201904,1358.03,2614.072,1370.355,2315.086,10.51,6.53,13.26,9.58,10.31
201903,1604.748,2740.601,1980.916,2357.658,10.44,6.73,12.83,9.33,10.38
201902,1592.656,2536.77,2125.867,2103.19,10.52,6.68,12.7,10.01,10.43
201901,1819.267,2893.769,2509.892,2285.389,10.29,6.58,12.47,9.8,10.29
201812,1689.373,2766.873,2217.514,2370.879,10.33,6.65,12.47,9.72,10.27
201811,1581.445,2731.393,1841.045,2324.081,10.56,6.88,12.95,9.72,10.43
201810,1465.403,2774.609,1445.125,2411.081,10.75,6.91,12.87,9.84,10.46
201809,1418.738,2632.049,1495.598,2311.715,10.68,7.09,13.01,10.3,10.7
201808,1551.947,2859.305,1733.697,2543.714,11,7.21,13.28,9.69,11.02
201807,1553.368,2755.912,1791.528,2500.938,10.98,7.34,13.13,10.19,11.03
201806,1470.659,2670.255,1570.462,2429.619,10.82,7.18,13.04,10.16,10.79
201805,1432.916,2738.571,1386.733,2462.106,10.5,6.82,13.15,9.46,10.41
201804,1434.308,2587.414,1549.497,2317.585,10.44,6.58,12.88,9.48,10.23
201803,1614.714,2757.212,1904.513,2410.963,10.49,6.66,12.99,9.43,10.4
201802,1537.39,2514.633,1972.448,2052.966,10.65,6.81,12.66,9.84,10.48
201801,1855.947,2830.155,2711.265,2254.838,10.49,6.96,12.25,9.44,10.47
201712,1756.841,2832.652,2279.713,2360.292,10.28,6.54,12.45,9.35,10.17
201711,1494.822,2733.603,1616.598,2286.282,10.49,6.73,12.94,9.5,10.28
201710,1413.532,2674.102,1348.876,2403.305,10.78,6.91,12.8,9.57,10.4
201709,1376.382,2573.015,1378.557,2301.404,11.03,7.17,13.28,9.99,10.86
201708,1484.234,2704.951,1614.061,2490.697,11.01,7.22,13.15,10.06,10.91
201707,1527.884,2723.456,1744.151,2431.736,10.97,7.31,13.08,10.12,10.95
201706,1435.648,2643.476,1481.946,2400.956,11.01,7.19,13.2,10.18,10.83
201705,1386.268,2668.491,1323.962,2422.604,10.59,6.78,13.07,9.61,10.34
201704,1322.234,2557.895,1310.055,2265.357,10.4,6.6,12.72,9.46,10.07
201703,1559.824,2721.451,1772.418,2379.002,10.46,6.71,12.89,9.49,10.28
201702,1432.607,2438.234,1707.895,2046.683,10.48,6.63,12.79,9.5,10.28
201701,1706.533,2733.228,2314.91,2225.854,10.21,6.59,12.21,9.39,10.13
201612,1737.632,2758.696,2239.747,2344.563,10.17,6.67,12.23,9.49,10.09
201611,1426.912,2586.103,1446.188,2257.134,10.32,6.66,12.75,9.22,10.1
201610,1397.126,2608.538,1318.955,2326.955,10.55,6.73,12.46,9.62,10.15
201609,1420.764,2540.584,1477.538,2303.55,10.77,7.14,12.87,10,10.68
201608,1568.878,2729.113,1770.911,2461.954,10.76,7.23,12.88,10.04,10.81
201607,1561.257,2647.873,1817.014,2436.605,10.68,7.23,12.68,9.84,10.7
201606,1464.233,2573.657,1528.67,2365.45,10.66,7.03,12.73,9.75,10.52
201605,1376.173,2562.126,1289.531,2357.039,10.31,6.57,12.79,9.28,10.06
201604,1345.719,2504.259,1341.178,2266.152,10.19,6.44,12.43,9.53,9.83
201603,1438.306,2621.512,1582.281,2350.506,10.23,6.46,12.56,9.56,10
201602,1538.569,2584.729,1984.766,2127.133,10.25,6.42,12.14,9.61,10
201601,1751.449,2731.245,2391.979,2188.465,10.08,6.44,11.99,9.52,9.97
201512,1554.28,2621.261,1910.558,2289.722,10.13,6.45,12.32,9.81,9.98
201511,1453.37,2521.907,1519.218,2189.922,10.3,6.61,12.71,9.63,10.05
201510,1406.791,2557.166,1335.607,2323.599,10.73,6.88,12.72,9.91,10.31
201509,1414.045,2545.51,1452.525,2273.972,10.98,7.21,13.03,10.29,10.79
201508,1519.911,2705.286,1687.754,2398.658,10.94,7.35,12.91,10.14,10.85
201507,1543.108,2731.086,1735.725,2419.054,11.07,7.45,12.94,10.34,10.95
201506,1451.809,2657.686,1486.499,2304.23,10.89,7.11,12.92,10.15,10.64
201505,1390.859,2642.035,1303.387,2312.945,10.47,6.74,12.93,9.87,10.21
201504,1352.369,2544.439,1343.788,2233.044,10.37,6.61,12.62,9.76,10.01
201503,1558.619,2627.237,1955.305,2296.053,10.63,6.83,12.33,10.12,10.29
201502,1706.192,2551.112,2343.006,2011.72,10.62,6.88,12.29,10.49,10.36
201501,1803.365,2763.767,2548.548,2185.071,10.31,6.67,12.1,10.45,10.18
201412,1629.453,2725.599,2147.617,2297.513,10.36,6.7,12.17,10.48,10.12
201411,1541.477,2683.958,1761.892,2213.585,10.52,6.75,12.48,10.2,10.13
201410,1400.223,2687.041,1343.678,2334.2,10.83,7.07,12.6,10.27,10.34
201409,1391.78,2609.043,1449.679,2198.445,11.16,7.37,12.95,11.02,10.83
201408,1493.383,2704.671,1641.08,2364.972,11.05,7.51,13.04,10.02,10.91
201407,1499.594,2693.359,1667.427,2366.943,11.17,7.62,13.09,10.68,11.03
201406,1446.674,2585.986,1497.545,2246.728,10.96,7.39,12.99,10.6,10.75
201405,1395.049,2622.665,1349.634,2280.026,10.54,6.83,12.85,10.06,10.21
201404,1348.026,2568.18,1424.18,2220.525,10.46,6.77,12.31,10.23,10
201403,1620.751,2627.049,2065.728,2212.086,10.65,6.99,12.25,10.43,10.28
201402,1629.345,2488.422,2323.268,1988.231,10.68,7.12,11.94,10.41,10.33
201401,1866.644,2800.331,2776.934,2145.589,10.35,6.98,11.65,10.93,10.12
201312,1704.033,2767.728,2380.846,2214.886,9.96,6.66,11.72,10.2,9.86
201311,1504.026,2719.378,1695.382,2211.222,10.03,6.65,12.1,10.49,9.79
201310,1392.066,2683.01,1349.648,2291.778,10.28,6.87,12.36,10.46,10.02
201309,1377.872,2598.675,1453.064,2205.218,10.53,7.22,12.51,10.88,10.43
201308,1502.145,2655.975,1655.433,2352.854,10.69,7.37,12.53,10.77,10.58
201307,1512.74,2675.007,1730.235,2347.141,10.7,7.45,12.65,10.97,10.69
201306,1423.788,2577.217,1485.63,2231.045,10.65,7.25,12.54,10.76,10.45
201305,1370.558,2647.989,1322.754,2277.911,10.22,6.75,12.4,10.5,9.92
201304,1352.715,2508.054,1486.952,2175.297,9.96,6.58,11.93,10.28,9.66
201303,1556.668,2603.642,1996.393,2224.041,10.02,6.64,11.61,10.25,9.71
201302,1538.467,2467.329,2066.288,1944.023,10.06,6.66,11.63,10.56,9.77
201301,1693.875,2722.25,2430.249,2136.28,9.77,6.5,11.46,10.53,9.64
201212,1578.947,2668.137,2031.055,2115.164,9.81,6.52,11.62,10.28,9.64
201211,1434.228,2604.899,1620.768,2105.87,9.89,6.5,11.75,10.41,9.58
201210,1390.501,2633.979,1334.963,2213.003,10.08,6.62,12.03,10.13,9.74
201209,1358.115,2472.273,1411.277,2123.607,10.5,6.97,12.3,10.74,10.26
201208,1510.676,2645.739,1741.866,2324.733,10.39,7.08,12.17,10.53,10.32
201207,1542.103,2612.697,1854.766,2273.418,10.39,7.13,12,10.7,10.3
201206,1427.607,2547.556,1524.505,2226.336,10.39,6.89,12.09,10.33,10.13
201205,1387.794,2609.355,1352.466,2259.814,9.96,6.53,11.9,9.97,9.64
201204,1295.142,2481.603,1288.849,2154.235,9.82,6.38,11.92,10.11,9.47
201203,1380.048,2566.14,1550.587,2181.968,9.84,6.46,11.7,9.95,9.52
201202,1483.498,2537.176,1902.852,2041.268,9.94,6.45,11.51,9.61,9.58
201201,1630.247,2677.301,2261.989,2106.286,9.84,6.44,11.41,9.78,9.61
201112,1618.511,2615.435,2116.317,2224.25,9.77,6.51,11.4,9.79,9.53
201111,1433.679,2624.997,1576.603,2147.612,9.98,6.53,11.78,9.93,9.58
201110,1399.104,2601.479,1344.102,2229.105,10.25,6.77,12.08,10.25,9.83
201109,1379.095,2511.166,1473.041,2191.117,10.59,7.15,12.17,10.8,10.29
201108,1553.502,2672.355,1848.997,2322.209,10.72,7.39,12.09,10.82,10.49
201107,1573.868,2594.766,1911.179,2292.6,10.67,7.32,12.09,11.21,10.47
201106,1461.221,2541.099,1605.869,2277.124,10.66,7.14,11.97,11.01,10.26
201105,1381.69,2545.24,1377.458,2270.577,10.19,6.68,11.93,10.7,9.78
201104,1350.476,2495.945,1452.361,2196.08,9.96,6.53,11.67,9.97,9.54
201103,1538.172,2682.332,1854.167,2263.355,9.93,6.53,11.52,10.24,9.55
201102,1536.333,2408.015,2153.929,2004.957,9.99,6.63,11.06,10.55,9.56
201101,1757.264,2687.814,2666.381,2179.626,9.78,6.53,10.87,10.29,9.48
201012,1756.932,2716.283,2475.684,2278.215,9.82,6.6,11.06,10.08,9.52
201011,1449.004,2555.38,1598.849,2191.805,9.99,6.56,11.62,10.47,9.55
201010,1362.881,2516.196,1334.183,2291.057,10.25,6.8,11.86,10.53,9.81
201009,1390.152,2543.101,1499.153,2258.301,10.52,7,11.95,10.54,10.17
201008,1546.771,2668.114,1860.383,2361.245,10.62,7.22,12.03,10.89,10.4
201007,1545.109,2570.891,1893.882,2361.998,10.72,7.23,12.04,10.97,10.46
201006,1499.953,2555.565,1663.667,2282.998,10.56,6.97,11.91,11.17,10.18
201005,1408.836,2563.676,1390.273,2310.649,10.15,6.64,11.91,10.55,9.72
201004,1305.731,2465.958,1351.194,2245.318,9.95,6.55,11.71,10.54,9.53
201003,1463.439,2588.014,1888.804,2258.555,9.95,6.53,11.11,10.3,9.48
201002,1581.913,2400.217,2249.194,1976.753,9.89,6.55,10.89,10.52,9.47
201001,1748.109,2526.5,2689.257,2161.485,9.55,6.5,10.49,10.19,9.28
200912,1717.172,2534.437,2315.703,2269.756,9.7,6.54,10.9,10.53,9.4
200911,1378.476,2393.491,1521.628,2152.944,9.78,6.4,11.26,10.61,9.34
200910,1383.952,2417.914,1412.042,2258.972,10.13,6.7,11.65,10.39,9.7
200909,1357.336,2345.577,1417.839,2149.986,10.45,6.89,11.96,10.73,10.09
200908,1505.186,2423.074,1712.159,2318.794,10.52,7.1,11.94,10.8,10.27
200907,1475.421,2337.463,1705.747,2292.014,10.56,7.1,11.85,11.01,10.28
200906,1454.213,2318.965,1521.788,2240.233,10.46,7.09,11.81,10.77,10.13
200905,1382.447,2299.223,1367.691,2238.07,10.11,6.77,11.78,11.11,9.77
200904,1374.959,2247.831,1504.33,2215.377,9.87,6.75,11.5,10.29,9.57
200903,1530.235,2373.722,1896.179,2255.587,9.96,6.81,11.28,10.98,9.64
200902,1525.337,2260.303,2099.36,1989.977,10.2,6.9,11.18,10.41,9.78
200901,1803.963,2510.564,2608.652,2207.166,9.96,6.92,10.98,10.37,9.68
200812,1698.354,2470.759,2349.998,2275.235,9.92,6.79,10.86,10.57,9.53
200811,1460.399,2527.047,1629.656,2192.964,10.16,6.93,11.42,10.2,9.67
200810,1420.73,2658.931,1375.96,2333.248,10.41,7.19,11.81,10.49,9.94
200809,1395.45,2379.836,1439.599,2137.787,10.77,7.31,11.92,11.83,10.27
200808,1517.86,2603.428,1731.061,2364.102,11.07,7.55,12.09,11.65,10.59
200807,1580.417,2647.277,1812.691,2375.067,11.1,7.72,12.07,11.8,10.65
200806,1514.653,2615.171,1622.87,2289.56,10.87,7.35,11.77,11.84,10.27
200805,1424.566,2695.382,1385.156,2393.977,10.05,6.75,11.4,10.45,9.47
200804,1406.414,2602.639,1523.56,2308.521,9.79,6.64,10.93,10.06,9.22
200803,1574.618,2690.239,1991.719,2336.595,9.62,6.46,10.45,10.14,9.03
200802,1647.514,2617.723,2262.703,2127.977,9.46,6.34,10.16,10.06,8.9
200801,1761.683,2822.897,2544.298,2286.523,9.39,6.33,10.14,9.52,8.92
200712,1677.3,2774.109,2231.842,2404.936,9.42,6.26,10.33,9.19,8.91
200711,1456.085,2677.994,1594.15,2354.089,9.5,6.28,10.7,8.76,8.94
200710,1422.819,2709.519,1400.858,2439.286,9.77,6.46,10.82,9.61,9.17
200709,1407.913,2614.734,1564.356,2352.338,9.9,6.52,10.96,9.76,9.43
200708,1615.839,2776.918,1885.484,2537.482,10.07,6.84,11.07,9.98,9.68
200707,1523.715,2693.592,1749.418,2520.398,10.14,6.71,11.07,10.57,9.64
200706,1469.85,2660.596,1538.861,2426.829,9.95,6.59,11.09,9.88,9.45
200705,1412.817,2738.925,1392.517,2477.75,9.51,6.27,10.77,9.84,8.96
200704,1404.731,2645.381,1510.795,2364.361,9.38,6.19,10.63,9.42,8.82
200703,1538.67,2697.421,1924.626,2402.901,9.35,6.22,10.27,11.04,8.8
200702,1624.899,2595.062,2359.35,2177.123,9.34,6.16,9.89,9.38,8.74
200701,1697.018,2798.535,2369.767,2357.665,9.12,6.13,10.06,8.92,8.71
200612,1581.938,2713.404,2049.807,2452.706,9.08,6,9.84,9.56,8.55
200611,1426.468,2700.989,1583.766,2324.045,9.24,6.04,10.18,9.4,8.63
200610,1415.608,2765.283,1398.74,2447.979,9.51,6.16,10.58,10.02,8.89
200609,1354.117,2672.226,1427.789,2337.338,9.89,6.37,10.94,10.11,9.32
200608,1556.071,2811.749,1842.57,2523.351,10.04,6.65,10.94,10.2,9.58
200607,1561.066,2707.358,1858.418,2508.397,9.97,6.61,10.96,10.3,9.55
200606,1463.682,2716.6,1565.753,2404.808,9.88,6.41,10.85,9.82,9.3
200605,1413.211,2727.977,1385.742,2436.881,9.22,6,10.61,9.12,8.71
200604,1333.468,2577.344,1459.097,2348.443,9.17,5.93,10.32,8.97,8.56
200603,1522.574,2727.995,1924.314,2417.732,9.06,5.88,9.87,9.06,8.44
200602,1506.861,2545.464,2001.033,2143.798,9.14,5.98,9.8,9.18,8.49
200601,1573.771,2723.505,2172.18,2351.374,8.87,5.78,9.55,8.75,8.31
200512,1680.376,2769.803,2320.494,2432.739,8.79,5.94,9.27,8.23,8.21
200511,1401.409,2669.029,1550.589,2324.975,8.79,5.83,9.76,8.14,8.21
200510,1371.668,2601.121,1429.713,2385.432,8.91,6.03,9.76,9.57,8.37
200509,1400.393,2537.179,1567.292,2287.829,9.18,6.17,9.94,9.25,8.68
200508,1554.925,2790.308,1867.102,2479.018,9.1,6.2,9.93,9.11,8.71
200507,1548.39,2713.424,1869.966,2452.413,9,6.14,9.77,9.44,8.6
200506,1473.683,2759.407,1593.954,2349.158,8.89,5.86,9.79,8.5,8.38
200505,1371.505,2765.003,1385.324,2423.755,8.41,5.42,9.56,8.23,7.84
200504,1326.3,2620.988,1462.781,2314.431,8.25,5.31,9.22,8.3,7.65
200503,1542.366,2814.426,1997.098,2379.439,8.15,5.3,8.87,8.01,7.59
200502,1491.863,2588.107,2075.178,2135.198,8.19,5.26,8.76,8.14,7.58
200501,1689.92,2811.298,2494.866,2296.327,7.99,5.23,8.52,7.91,7.47
200412,1675.017,2881.415,2237.627,2367.28,7.82,5.14,8.58,7.12,7.36
200411,1400.003,2795.088,1565.647,2296.925,8.04,5.09,8.96,7.15,7.42
200410,1364.407,2811.795,1391.775,2388.471,8.23,5.25,9.05,7.32,7.6
200409,1370.287,2727.523,1464.607,2273.633,8.54,5.41,9.39,7.42,7.97
200408,1452.127,2855.024,1649.098,2402.036,8.7,5.65,9.5,7.76,8.18
200407,1478.001,2828.264,1697.953,2404.516,8.63,5.63,9.36,7.84,8.11
200406,1392.859,2758.883,1517.292,2317.841,8.49,5.46,9.29,7.28,7.93
200405,1398.68,2834.62,1395.149,2345.058,7.99,5.18,9.07,6.66,7.46
200404,1338.355,2720.99,1457.74,2285.766,7.89,5.09,8.93,7.16,7.34
200403,1476.332,2790.505,1840.014,2333.38,7.92,5.04,8.62,6.7,7.3
200402,1588.115,2710.183,2266.846,2175.355,7.85,5.04,8.33,7.13,7.25
200401,1722.613,2801.215,2596.092,2236.236,7.7,5.01,8.24,6.62,7.22
200312,1587.146,2820.222,2209.085,2315.852,7.7,4.87,8.3,7.26,7.14
200311,1370.761,2701.187,1543.616,2226.826,7.85,4.86,8.72,7.24,7.19
200310,1338.78,2764.216,1366.602,2319.108,8.09,5.07,8.85,7.63,7.39
200309,1314.189,2633.158,1463.506,2199.479,8.15,5.19,8.92,7.65,7.61
200308,1478.509,2785.921,1737.115,2390.271,8.46,5.48,9.22,7.84,7.97
200307,1475.999,2766.067,1711.138,2319.679,8.55,5.54,9.21,8.01,8.02
200306,1349.905,2642.515,1428.221,2225.292,8.44,5.28,9.25,7.75,7.78
200305,1333.019,2681.909,1385.594,2268.627,8.06,5.06,8.99,7.57,7.42
200304,1323.802,2666.84,1489.746,2196.146,7.93,4.99,8.82,7.61,7.27
200303,1497.722,2696.75,1956.303,2240.338,7.78,5.02,8.35,7.32,7.16
200302,1545.427,2619.068,2253.935,2020.797,7.65,4.99,8.02,7.42,7.05
200301,1733.94,2777.634,2568.58,2158.638,7.45,4.92,8,7.23,7
200212,1615.224,2710.343,2205.682,2307.217,7.59,4.72,8.08,NA,6.96
200211,1428.225,2723.601,1642.827,2226.341,7.64,4.71,8.31,NA,6.94
200210,1397.947,2724.511,1422.738,2264.068,8,4.91,8.47,NA,7.2
200209,1364.539,2647.286,1486.413,2165.847,8,4.98,8.59,NA,7.36
200208,1466.513,2802.046,1733.821,2343.765,8.24,5.15,8.72,NA,7.58
200207,1496.604,2834.135,1768.537,2326.422,8.33,5.27,8.82,NA,7.68
200206,1398.819,2720.316,1517.187,2256.087,8.18,5.03,8.73,NA,7.45
200205,1354.561,2768.096,1386.234,2297.452,7.84,4.78,8.64,NA,7.11
200204,1349.537,2693.276,1507.436,2215.502,7.68,4.73,8.37,NA,6.95
200203,1475.188,2740.884,1904.414,2247.574,7.72,4.73,8.17,NA,6.95
200202,1424.005,2531.323,1915.636,1993.786,7.68,4.76,8.19,NA,6.97
200201,1574.834,2765.572,2293.562,2163.736,7.49,4.73,8.07,NA,6.95
200112,1518.446,2688.552,1899.668,2157.423,7.66,4.78,8.29,NA,7.03
200111,1321.592,2682.525,1416.505,2130.25,7.73,4.78,8.48,NA,7.02
200110,1339.018,2806.45,1330.913,2248.631,8.27,5.06,8.84,NA,7.43
200109,1319.722,2599.288,1369.803,2116.973,8.22,5.3,8.92,NA,7.62
200108,1500.513,2801.874,1711.555,2290.726,8.35,5.49,9.01,NA,7.84
200107,1469.33,2707.645,1643.544,2325.392,8.41,5.56,9.03,NA,7.87
200106,1389.712,2668.824,1413.452,2185.106,8.13,5.23,9.07,NA,7.58
200105,1326.468,2763.811,1282.632,2263.122,7.77,5,8.83,NA,7.17
200104,1309.963,2705.956,1466.15,2166.76,7.73,4.87,8.46,NA,7.02
200103,1504.436,2833.629,1915.611,2229.666,7.7,4.87,8.32,NA,7.01
200102,1457.397,2624.188,2014.719,1984.005,7.51,4.81,8.04,NA,6.87
200101,1686.887,2835.38,2566.678,2144.059,7.25,4.75,7.73,NA,6.75
200012,1624.958,2893.414,2389.091,2296.212,7.52,4.88,7.82,NA,6.85
200011,1376.892,2824.276,1580.542,2165.298,7.34,4.59,8.15,NA,6.66
200010,1281.197,2875.907,1326.809,2282.324,7.67,4.74,8.49,NA,6.94
200009,1294.637,2821.728,1412.7,2168.178,7.73,4.84,8.51,NA,7.11
200008,1496.042,3037.217,1679.841,2330.641,7.93,5.07,8.63,NA,7.34
200007,1429.452,2875.138,1627.582,2300.59,7.76,4.95,8.61,NA,7.25
200006,1389.744,2914.762,1481.236,2220.146,7.7,4.75,8.56,NA,7.06
200005,1395.19,3009.119,1381.628,2246.294,7.25,4.51,8.34,NA,6.64
200004,1315.254,2780.876,1429.03,2154.026,7.05,4.32,8.15,NA,6.43
200003,1462.632,2929.981,1707.398,2202.458,7.03,4.31,8.09,NA,6.44
200002,1489.014,2799.312,2050.595,2071.627,6.96,4.32,7.71,NA,6.39
200001,1621.321,2906.089,2347.879,2077.673,6.93,4.31,7.66,NA,6.4
199912,1446.721,2971.659,1912.211,2349.322,6.88,4.19,7.94,NA,6.41
199911,1250.144,2884.043,1386.027,2121.324,7.13,4.27,8.09,NA,6.39
199910,1248.233,2939.946,1281.494,2250.66,7.41,4.47,8.37,NA,6.7
199909,1240.101,2905.725,1364.217,2103.787,7.45,4.57,8.36,NA,6.87
199908,1409.923,3037.717,1675.504,2253.41,7.49,4.87,8.42,NA,7.08
199907,1463.591,2959.05,1711.605,2233.468,7.56,4.8,8.49,NA,7.11
199906,1336.756,2889.671,1411.658,2167.375,7.42,4.54,8.43,NA,6.83
199905,1273.655,2878.766,1288.428,2187.492,7.21,4.3,8.27,NA,6.5
199904,1278.825,2822.596,1450.178,2112.747,7.08,4.24,8.09,NA,6.4
199903,1449.167,2882.955,1879.336,2165.404,7.15,4.19,7.9,NA,6.43
199902,1402.678,2673.341,1829.531,1910.809,7.18,4.32,7.92,NA,6.5
199901,1575.931,2912.155,2368.786,2060.178,6.99,4.28,7.58,NA,6.42
199812,1432.061,3021.099,1833.041,2190.007,7.11,4.3,7.92,NA,6.46
199811,1250.645,2831.789,1372.225,2059.411,7.11,4.32,8.04,NA,6.39
199810,1221.421,2938.028,1282.377,2173.451,7.44,4.42,8.25,NA,6.69
199809,1281.919,2864.771,1393.639,2075.478,7.55,4.62,8.43,NA,6.95
199808,1397.244,3035.049,1616.22,2175.538,7.67,4.78,8.57,NA,7.14
199807,1405.999,2976.581,1679.462,2212.256,7.69,4.85,8.58,NA,7.21
199806,1318.051,2864.558,1439.549,2093.718,7.61,4.65,8.53,NA,6.97
199805,1265.754,2934.055,1286.09,2094.948,7.45,4.41,8.49,NA,6.67
199804,1206.862,2812.973,1362.054,2138.327,7.31,4.3,8.23,NA,6.51
199803,1385.495,2908.141,1793.397,2091.38,7.28,4.33,8.01,NA,6.53
199802,1316.149,2699.049,1770.686,1868.519,7.29,4.31,7.97,NA,6.52
199801,1486.864,2946.353,2130.876,2051.407,7.22,4.36,7.87,NA,6.57
199712,1464.775,3014.338,2008.955,2124.036,7.24,4.36,8.03,NA,6.6
199711,1281.728,2905.318,1543.166,2026.004,7.43,4.45,8.25,NA,6.65
199710,1230.445,3033.051,1297.096,2119.99,7.66,4.61,8.59,NA,6.9
199709,1222.393,2883.194,1299.844,2009.534,7.86,4.73,8.75,NA,7.12
199708,1304.218,3003.812,1485.087,2117.058,7.91,4.76,8.8,NA,7.23
199707,1369.901,2995.823,1556.227,2168.649,7.86,4.82,8.74,NA,7.25
199706,1241.797,2906.228,1268.436,2051.572,7.88,4.61,8.91,NA,7.08
199705,1187.317,2935.598,1243.872,2115.526,7.58,4.39,8.65,NA,6.72
199704,1196.161,2880.827,1388.353,2066.751,7.4,4.33,8.38,NA,6.59
199703,1329.044,2909.528,1693.385,2061.494,7.44,4.41,8.24,NA,6.66
199702,1330.491,2713.074,1880.265,1871.291,7.38,4.41,7.98,NA,6.61
199701,1526.825,3014.217,2297.663,1990.619,7.27,4.41,7.87,NA,6.62
199612,1411.291,2952.386,2003.324,2044.893,7.29,4.38,7.99,NA,6.58
199611,1263.494,2951.717,1585.844,2000.27,7.52,4.45,8.25,NA,6.65
199610,1150.563,3076.236,1251.343,2144.028,7.84,4.61,8.67,NA,6.91
199609,1128.424,2806.867,1265.879,1949.013,7.96,4.78,8.79,NA,7.16
199608,1254.852,2996.336,1472.285,2146.127,7.99,4.84,8.86,NA,7.3
199607,1246.57,2922.259,1498.558,2091.159,7.95,4.88,8.73,NA,7.27
199606,1187.624,2899.141,1352.374,2009.77,7.72,4.73,8.65,NA,7.03
199605,1176.778,2892.008,1307.598,2091.913,7.62,4.54,8.54,NA,6.77
199604,1164.673,2746.853,1457.257,2001.486,7.48,4.46,8.24,NA,6.63
199603,1333.551,2950.993,1867.533,2048.284,7.46,4.49,8.09,NA,6.65
199602,1375.363,2756.648,2074.385,1905.185,7.39,4.5,7.81,NA,6.6
199601,1483.061,2952.533,2360.113,1987.14,7.31,4.47,7.75,NA,6.61
199512,1423.769,2923.666,2025.096,2044.053,7.36,4.48,8.02,NA,6.64
199511,1231.783,2837.887,1525.024,1984.546,7.6,4.51,8.26,NA,6.7
199510,1125.17,2879.887,1193.992,2030.92,7.85,4.71,8.65,NA,6.95
199509,1100.243,2799.21,1264.351,1976.422,7.84,4.79,8.57,NA,7.08
199508,1284.17,2977.527,1593.848,2059.595,7.95,4.97,8.78,NA,7.34
199507,1260.306,2888.607,1494.524,1980.85,8.06,4.95,8.8,NA,7.35
199506,1137.743,2804.577,1256.587,2034.839,7.95,4.82,8.72,NA,7.1
199505,1103.471,2822.094,1216.793,2014.41,7.64,4.54,8.53,NA,6.74
199504,1116.771,2738.623,1337.888,1920.446,7.5,4.51,8.41,NA,6.65
199503,1246.915,2807.857,1659.635,2034.367,7.53,4.53,8.14,NA,6.66
199502,1282.26,2653.596,1867.027,1799.374,7.49,4.55,8.01,NA,6.68
199501,1378.952,2828.277,2087.71,1932.021,7.33,4.48,7.85,NA,6.6
199412,1276.561,2880.842,1802.854,2051.319,7.37,4.57,8.06,NA,6.63
199411,1115.695,2786.926,1353.297,1900.038,7.51,4.59,8.29,NA,6.64
199410,1062.604,2867.113,1169.459,1977.219,7.92,4.71,8.56,NA,6.9
199409,1047.274,2760.095,1178.574,1899.755,8.17,4.93,8.82,NA,7.24
199408,1168.78,2868.532,1371.345,2065.035,8.08,4.93,8.84,NA,7.28
199407,1184.232,2792.063,1441.037,1974.129,8.05,5.05,8.8,NA,7.36
199406,1155.108,2782.969,1280.656,1944.809,7.97,4.94,8.77,NA,7.16
199405,1049.895,2710.026,1168.493,1963.983,7.68,4.73,8.53,NA,6.8
199404,1073.521,2680.067,1308.67,1923.874,7.45,4.66,8.3,NA,6.67
199403,1234.255,2777.345,1708.91,1950.253,7.46,4.66,8.08,NA,6.68
199402,1288.997,2681.829,1982.767,1795.087,7.48,4.72,7.85,NA,6.69
199401,1443.082,2931.44,2341.904,1873.161,7.36,4.68,7.74,NA,6.65
199312,1284.76,2829.708,1900.925,2006.38,7.42,4.69,7.9,NA,6.65
199311,1114.088,2815.211,1448.114,1908.327,7.71,4.69,8.21,NA,6.75
199310,1038.564,2835.169,1188.637,1926.664,8.1,5.01,8.76,NA,7.16
199309,1032.166,2673.023,1230.303,1882.514,8.07,5.12,8.79,NA,7.32
199308,1164.238,2775.76,1455.698,1936.978,8.01,5.16,8.73,NA,7.35
199307,1175.508,2734.848,1467.885,1930.047,8.02,5.16,8.73,NA,7.36
199306,1087.08,2677.783,1210.467,1870.603,8,4.96,8.74,NA,7.13
199305,1016.128,2591.422,1122.324,1922.718,7.75,4.73,8.56,NA,6.82
199304,1070.677,2593.978,1381.568,1863.264,7.49,4.6,8.13,NA,6.62
199303,1257.156,2793.601,1840.296,1925.692,7.43,4.66,7.8,NA,6.59
199302,1243.867,2593.428,1869.897,1718.006,7.38,4.65,7.79,NA,6.59
199301,1333.34,2701.931,2097.492,1779.54,7.32,4.64,7.73,NA,6.61
199212,1311.463,2801.398,1945.773,1990.374,7.41,4.71,7.86,NA,6.66
199211,1105.641,2755.878,1411.944,1811.159,7.54,4.67,8.14,NA,6.64
199210,1024.909,2778.788,1177.479,1925.975,7.9,4.88,8.44,NA,6.92
199209,1038.575,2666.508,1175.695,1804.045,7.99,5.09,8.59,NA,7.14
199208,1079.48,2767.484,1270.478,1912.897,7.95,5.04,8.56,NA,7.15
199207,1124.12,2789.072,1326.188,1920.87,7.94,5.13,8.54,NA,7.18
199206,1037.383,2706.413,1136.537,1837.282,7.89,4.92,8.61,NA,6.99
199205,1014.125,2649.251,1144.439,1895.385,7.61,4.74,8.38,NA,6.72
199204,1052.212,2600.92,1356.808,1838.055,7.43,4.68,8.03,NA,6.57
199203,1160.681,2718.27,1598.684,1878.759,7.44,4.68,8.01,NA,6.6
199202,1179.045,2546.828,1768.798,1755.798,7.39,4.7,7.78,NA,6.58
199201,1314.783,2787.063,2043.664,1844.464,7.3,4.67,7.7,NA,6.58
199112,1248.308,2719.097,1797.721,1925.381,7.3,4.68,7.81,NA,6.57
199111,1103.722,2671.861,1436.683,1800.883,7.47,4.69,7.95,NA,6.59
199110,1036.453,2753.945,1163.822,1910.102,7.81,4.92,8.32,NA,6.87
199109,1018.902,2661.352,1184.323,1796.929,7.76,5.04,8.37,NA,7.02
199108,1122.281,2716.164,1341.414,1933.768,7.74,5.08,8.41,NA,7.07
199107,1146.987,2653.898,1389.099,1908.977,7.74,5.1,8.38,NA,7.1
199106,1070.149,2543.272,1229.184,1856.886,7.64,4.96,8.32,NA,6.92
199105,1055.352,2568.689,1183.085,1851.159,7.51,4.73,8.14,NA,6.63
199104,1026.761,2457.714,1269.986,1787.944,7.36,4.66,7.98,NA,6.53
199103,1153.49,2527.697,1599.772,1866.298,7.37,4.71,7.79,NA,6.55
199102,1152.726,2369.565,1686.339,1659.908,7.36,4.72,7.61,NA,6.53
199101,1366.765,2754.416,2137.647,1819.779,7.17,4.63,7.41,NA,6.43
199012,1241.669,2681.595,1751.413,1870.028,7.17,4.63,7.61,NA,6.43
199011,1054.843,2594.291,1291.366,1837.581,7.34,4.64,7.8,NA,6.46
199010,1030.221,2725.603,1160.903,1895.895,7.58,4.82,8.04,NA,6.67
199009,1034.173,2605.634,1214.831,1760.284,7.5,4.97,8.15,NA,6.85
199008,1136.63,2805.905,1323.485,2012.597,7.53,4.98,8.24,NA,6.89
199007,1130.332,2668.523,1335.105,1897.637,7.52,5.04,8.18,NA,6.92
199006,1072.307,2634.68,1195.523,1855.217,7.49,4.82,8.1,NA,6.71
199005,1019.431,2666.978,1143.17,1922.291,7.31,4.62,7.96,NA,6.46
199004,1041.201,2613.099,1299.575,1819.303,7.2,4.56,7.69,NA,6.35
199003,1150.567,2676.452,1558.741,1926.195,7.23,4.6,7.57,NA,6.37
199002,1140.223,2474.805,1639.671,1754.496,7.15,4.59,7.48,NA,6.33
199001,1270.04,2657.92,2018.086,1867.461,6.93,4.59,7.17,NA,6.27
198912,1367.196,2762.245,2118.194,1999.778,NA,NA,NA,NA,NA
198911,1070.56,2639.923,1382.059,1852.806,NA,NA,NA,NA,NA
198910,996.054,2680.079,1183.524,1936.706,NA,NA,NA,NA,NA
198909,979.484,2525.555,1181.204,1797.178,NA,NA,NA,NA,NA
198908,1077.757,2674.484,1320.175,1955.11,NA,NA,NA,NA,NA
198907,1074.243,2589.413,1320.879,1872.56,NA,NA,NA,NA,NA
198906,1013.791,2594.632,1175.322,1912.731,NA,NA,NA,NA,NA
198905,989.678,2590.772,1174.911,1886.121,NA,NA,NA,NA,NA
198904,1012.141,2509.764,1340.074,1806.787,NA,NA,NA,NA,NA
198903,1188.078,2657.164,1771.925,1931.806,NA,NA,NA,NA,NA
198902,1193.12,2486.625,1848.448,1706.675,NA,NA,NA,NA,NA
198901,1235.343,2615.321,1973.644,1820.321,NA,NA,NA,NA,NA
198812,1172.96,2675.79,1765.873,1930.081,NA,NA,NA,NA,NA
198811,1000.426,2558.648,1317.127,1833.316,NA,NA,NA,NA,NA
198810,949.334,2618.111,1134.134,1891.139,NA,NA,NA,NA,NA
198809,924.294,2480.476,1116.235,1823.307,NA,NA,NA,NA,NA
198808,1064.653,2651.49,1373.343,1896.835,NA,NA,NA,NA,NA
198807,1044.33,2526.482,1312.656,1863.132,NA,NA,NA,NA,NA
198806,973.082,2529.722,1121.331,1884.918,NA,NA,NA,NA,NA
198805,923.512,2519.327,1108.817,1845.667,NA,NA,NA,NA,NA
198804,951.389,2403.707,1260.376,1841.677,NA,NA,NA,NA,NA
198803,1107.737,2643.031,1630.123,1922.493,NA,NA,NA,NA,NA
198802,1181.152,2500.869,1859.792,1770.153,NA,NA,NA,NA,NA
198801,1286.666,2567.198,2133.93,1814.99,NA,NA,NA,NA,NA
198712,1135.19,2601.464,1686.844,1860.857,NA,NA,NA,NA,NA
198711,960.669,2416.203,1243.133,1729.639,NA,NA,NA,NA,NA
198710,922.516,2483.461,1104.985,1857.96,NA,NA,NA,NA,NA
198709,891.913,2381.24,1079.85,1775.383,NA,NA,NA,NA,NA
198708,962.391,2450.339,1271.368,1831.196,NA,NA,NA,NA,NA
198707,988.738,2489.109,1268.777,1880.589,NA,NA,NA,NA,NA
198706,924.903,2432.019,1112.209,1811.055,NA,NA,NA,NA,NA
198705,900.659,2395.457,1079.592,1828.945,NA,NA,NA,NA,NA
198704,913.464,2374.998,1250.069,1783.711,NA,NA,NA,NA,NA
198703,1054.327,2389.077,1554.99,1771.882,NA,NA,NA,NA,NA
198702,1086.185,2347.609,1681.156,1616.725,NA,NA,NA,NA,NA
198701,1206.352,2615.353,1931.481,1720.934,NA,NA,NA,NA,NA
198612,1110.799,2399.26,1675.117,1843.4,NA,NA,NA,NA,NA
198611,936.285,2262.122,1229.547,1693.472,NA,NA,NA,NA,NA
198610,868.027,2303.982,1078.56,1791.715,NA,NA,NA,NA,NA
198609,867.448,2233.483,1049.093,1669.904,NA,NA,NA,NA,NA
198608,912.615,2293.246,1187.564,1830.078,NA,NA,NA,NA,NA
198607,968.962,2310.835,1249.832,1821.882,NA,NA,NA,NA,NA
198606,901.532,2325.066,1057.373,1735.06,NA,NA,NA,NA,NA
198605,861.909,2418.761,1057.117,1770.133,NA,NA,NA,NA,NA
198604,871.68,2345.154,1180.938,1722.59,NA,NA,NA,NA,NA
198603,1017.71,2481.556,1539.834,1744.494,NA,NA,NA,NA,NA
198602,1084.682,2347.777,1684.176,1509.074,NA,NA,NA,NA,NA
198601,1208.938,2552.052,1981.74,1656.988,NA,NA,NA,NA,NA
198512,1168.883,2528.496,1795.12,1729.485,NA,NA,NA,NA,NA
198511,912.821,2329.738,1180.795,1640.877,NA,NA,NA,NA,NA
198510,859.413,2400.529,1055.261,1716.489,NA,NA,NA,NA,NA
198509,839.351,2264.185,1064.453,1596.404,NA,NA,NA,NA,NA
198508,907.194,2425.344,1156.849,1771.71,NA,NA,NA,NA,NA
198507,912.32,2407.347,1149.519,1720.91,NA,NA,NA,NA,NA
198506,839.208,2349.195,1035.519,1660.861,NA,NA,NA,NA,NA
198505,836.259,2428.082,1014.664,1734.382,NA,NA,NA,NA,NA
198504,868.993,2355.024,1206.396,1685.978,NA,NA,NA,NA,NA
198503,994.251,2395.138,1516.21,1678.228,NA,NA,NA,NA,NA
198502,1127.949,2337.967,1913.52,1504.787,NA,NA,NA,NA,NA
198501,1187.349,2591.591,1953.435,1647.801,NA,NA,NA,NA,NA
198412,1052.454,2408.154,1582.196,1627.965,NA,NA,NA,NA,NA
198411,915.949,2379.917,1187.911,1619.644,NA,NA,NA,NA,NA
198410,847.023,2440.579,1008.054,1668.474,NA,NA,NA,NA,NA
198409,833.174,2313.561,1028.098,1591.241,NA,NA,NA,NA,NA
198408,912.823,2515.35,1168.674,1727.355,NA,NA,NA,NA,NA
198407,894.979,2448.97,1132.58,1681.849,NA,NA,NA,NA,NA
198406,856.591,2454.306,1052.346,1666.333,NA,NA,NA,NA,NA
198405,855.432,2519.4,1108.134,1697.791,NA,NA,NA,NA,NA
198404,903.717,2460.433,1291.656,1625.737,NA,NA,NA,NA,NA
198403,1056.81,2570.505,1589.806,1647.003,NA,NA,NA,NA,NA
198402,1054.985,2418.941,1675.856,1478.84,NA,NA,NA,NA,NA
198401,1261.425,2642.979,2129.572,1623.344,NA,NA,NA,NA,NA
198312,1089.032,2442.541,1625.005,1712.182,6.9,4.8,7,NA,6.1
198311,867.582,2360.477,1130.908,1583.394,7.1,4.8,7.3,NA,6.2
198310,800.678,2310.584,976.307,1619.832,7.2,5,7.5,NA,6.4
198309,802.188,2238.222,1056.284,1606.672,7.2,5,7.6,NA,6.5
198308,893.428,2353.518,1213.98,1667.249,7.1,5,7.5,NA,6.5
198307,876.245,2300.968,1141.32,1624.692,7.1,5.1,7.5,NA,6.5
198306,798.325,2260.918,978.628,1642.167,7.1,5,7.4,NA,6.4
198305,784.674,2262.386,1034.261,1618.355,7,4.9,7.2,NA,6.2
198304,874.034,2188.932,1273.99,1540.887,6.9,4.9,6.9,NA,6.1
198303,989.125,2279.943,1490.168,1675.889,6.9,5,6.9,NA,6.2
198302,992.963,2123.766,1580.016,1374.025,6.9,5,6.7,NA,6.1
198301,1170.237,2307.397,1922.144,1511.252,6.8,5,6.7,NA,6.1
198212,1018.715,2279.362,1539.935,1619.863,6.8,5,6.7,NA,6.1
198211,860.49,2364.299,1168.342,1586.483,7,4.9,6.9,NA,6.1
198210,793.597,2362.924,1005.641,1566.54,7.1,5.1,7.2,NA,6.3
198209,803.278,2178.64,1022.053,1547.573,7,5.3,7.2,NA,6.4
198208,830.961,2296.163,1099.316,1592.794,6.9,5.2,7.2,NA,6.4
198207,842.77,2276.115,1104.857,1613.137,7,5.1,7.2,NA,6.4
198206,775.948,2230.655,968.998,1602.435,6.9,4.9,7.1,NA,6.2
198205,783.439,2206.428,1009.215,1610.761,6.9,5,6.9,NA,6.1
198204,879.979,2224.421,1294.481,1649.936,6.8,4.8,6.7,NA,6
198203,1001.867,2383.021,1533.826,1633.336,6.8,4.8,6.6,NA,6
198202,1058.109,2184.459,1742.925,1493.75,6.7,4.7,6.4,NA,5.8
198201,1213.657,2628.64,2037.891,1573.214,6.5,4.7,6.2,NA,5.7
198112,1054.628,2724.461,1605.626,1703.273,6.5,4.6,6.3,NA,5.7
198111,861.946,2543.088,1180.761,1557.822,6.5,4.5,6.4,NA,5.6
198110,817.339,2664.389,1049.961,1617.451,6.5,4.4,6.6,NA,5.6
198109,761.759,2517.445,951.551,1596.553,6.5,4.5,6.6,NA,5.7
198108,818.557,2575.742,1086.1,1635.993,6.5,4.5,6.6,NA,5.8
198107,833.334,2578.251,1125.714,1674.0,6.5,4.5,6.6,NA,5.8
198106,804.96,2529.46,1011.218,1650.824,6.5,4.4,6.5,NA,5.6
198105,767.594,2558.023,996.568,1620.232,6.3,4.2,6.3,NA,5.4
198104,778.621,2399.475,1108.806,1594.921,6.1,4.1,6,NA,5.2
198103,929.019,2600.476,1440.933,1642.089,6,4,5.8,NA,5.1
198102,1001.534,2293.368,1683.398,1510.657,5.8,4,5.5,NA,5
198101,1189.09,2728.047,2014.965,1708.834,5.7,3.9,5.4,NA,5
198012,1071.372,2918.559,1670.298,1703.29,5.7,3.9,5.5,NA,4.9
198011,878.078,2773.898,1226.25,1544.591,5.7,3.9,5.6,NA,4.9
198010,784.572,2812.166,1043.756,1679.806,5.8,3.8,5.7,NA,5
198009,756.043,2578.643,1041.657,1594.546,5.7,3.9,5.7,NA,5
198008,804.422,2486.699,1168.734,1600.924,5.6,3.9,5.7,NA,5.1
198007,821.063,2503.659,1163.408,1644.729,5.7,3.9,5.7,NA,5
198006,765.708,2517.169,1003.445,1590.303,5.6,3.8,5.6,NA,4.9
198005,750.53,2595.274,1016.289,1656.148,5.4,3.6,5.4,NA,4.6
198004,799.022,2484.338,1209.233,1677.628,5.3,3.5,5.1,NA,4.5
198003,986.711,2748.129,1603.835,1690.604,5.2,3.5,4.9,NA,4.4
198002,1061.492,2658.723,1779.042,1629.048,5,3.3,4.7,NA,4.3
198001,1102.43,2957.907,1826.947,1683.412,4.9,3.3,4.7,NA,4.2
197912,1009.706,3023.08,1576.952,1727.893,4.9,3.3,4.7,NA,4.2
197911,855.849,2974.3,1205.234,1645.91,4.9,3.2,4.8,NA,4.1
197910,779.738,3014.256,1016.045,1738.242,4.9,3.2,5,NA,4.2
197909,727.181,2726.214,973.422,1631.795,4.8,3.2,5,NA,4.2
197908,788.034,2872.964,1087.877,1746.596,4.8,3.1,4.9,NA,4.2
197907,780.939,2798.07,1038.818,1661.98,4.8,3.1,4.9,NA,4.2
197906,750.387,2763.461,956.854,1677.392,4.7,3,4.9,NA,4
197905,765.782,2816.628,1030.974,1741.283,4.7,3,4.7,NA,3.9
197904,829.144,2572.446,1240.043,1653.147,4.5,2.9,4.5,NA,3.8
197903,995.691,2716.638,1608.938,1835.958,4.4,2.9,4.3,NA,3.8
197902,1148.996,2601.203,1987.811,1671.974,4.3,2.9,4.1,NA,3.7
197901,1217.848,3046.493,2087.712,1739.367,4.3,2.8,4.1,NA,3.6
197812,1035.578,2978.896,1692.701,1771.69,4.3,2.8,4.2,NA,3.6
197811,839.772,2902.769,1223.173,1725.772,4.4,2.8,4.4,NA,3.7
197810,763.629,2881.357,1050.203,1737.709,4.5,2.8,4.5,NA,3.7
197809,748.418,2650.587,1037.052,1657.069,4.4,2.8,4.5,NA,3.8
197808,806.325,2772.882,1118.362,1802.121,4.4,2.8,4.5,NA,3.8
197807,793.815,2736.671,1091.233,1724.251,4.4,2.8,4.5,NA,3.8
197806,763.584,2642.119,1006.572,1744.207,4.5,2.8,4.5,NA,3.8
197805,765.406,2712.974,1081.209,1786.987,4.4,2.8,4.5,NA,3.7
197804,775.855,2521.259,1206.671,1671.216,4.4,2.8,4.3,NA,3.7
197803,1007.467,2494.343,1696.087,1765.033,4.3,2.9,4.1,NA,3.7
197802,1081.65,2462.234,1924.551,1579.264,4.2,2.7,3.9,NA,3.5
197801,1130.769,2935.009,2000.053,1651.746,4.1,2.6,3.9,NA,3.5
197712,1033.847,2944.423,1708.154,1754.664,4.1,2.5,4,NA,3.4
197711,809.447,2853.192,1173.632,1650.399,4.2,2.6,4.2,NA,3.5
197710,736.815,2851.468,1018.153,1669.798,4.3,2.6,4.3,NA,3.5
197709,721.805,2737.107,974.452,1647.372,4.2,2.6,4.3,NA,3.6
197708,771.813,2746.716,1065.597,1715.861,4.4,2.6,4.4,NA,3.7
197707,785.466,2657.426,1084.85,1669.284,4.1,2.6,4.2,NA,3.6
197706,741.922,2699.588,971.294,1678.044,4.1,2.5,4.2,NA,3.4
197705,734.629,2670.669,979.115,1620.607,4.1,2.5,4.2,NA,3.4
197704,752.308,2463.15,1132.077,1640.796,4,2.4,4.1,NA,3.3
197703,878.851,2601.65,1441.002,1659.602,4,2.4,4,NA,3.3
197702,1018.84,2238.883,1869.527,1529.74,3.9,2.4,3.7,NA,3.3
197701,1223.633,2801.56,2239.681,1585.432,3.8,2.4,3.6,NA,3.2
197612,1093.165,2976.731,1863.448,1723.225,3.7,2.3,3.6,NA,3.1
197611,897.928,2857.016,1372.664,1602.617,3.8,2.2,3.8,NA,3.1
197610,733.104,2906.867,1005.253,1602.472,3.8,2.2,3.9,NA,3.2
197609,685.272,2552.47,923.155,1582.273,3.7,2.2,3.8,NA,3.1
197608,736.425,2622.754,1002.932,1609.175,3.6,2.2,3.7,NA,3
197607,745.448,2622.912,1006.965,1651.192,3.7,2.3,3.9,NA,3
197606,724.307,2526.313,964.724,1613.299,NA,NA,NA,NA,NA
197605,715.556,2508.466,1009.166,1567.172,NA,NA,NA,NA,NA
197604,753.23,2359.133,1163.868,1584.545,NA,NA,NA,NA,NA
197603,890.242,2463.82,1434.389,1607.566,NA,NA,NA,NA,NA
197602,971.029,2327.845,1674.363,1421.841,NA,NA,NA,NA,NA
197601,1118.587,2669.716,1986.659,1535.406,NA,NA,NA,NA,NA
197512,962.577,2762.669,1598.15,1601.232,,,,,
197511,737.377,2603.459,1065.259,1445.305,,,,,
197510,692.031,2693.61,954.616,1571.249,,,,,
197509,657.008,2422.751,926.799,1493.554,,,,,
197508,717.022,2452.756,1012.72,1560.436,,,,,
197507,715.817,2389.446,1003.672,1560.25,,,,,
197506,686.931,2286.045,936.766,1529.658,,,,,
197505,698.717,2220.526,1034.664,1545.238,,,,,
197504,823.414,2104.502,1366.55,1510.837,,,,,
197503,892.445,2440.013,1538.328,1519.702,,,,,
197502,920.136,2275.417,1615.051,1361.954,,,,,
197501,990.791,2763.065,1758.226,1545.584,,,,,
197412,969.399,2692.136,1607.437,1568.378,,,,,
197411,773.723,2809.339,1141.133,1510.563,,,,,
197410,706.494,2907.338,999.326,1572.633,,,,,
197409,645.205,2691.142,919.805,1458.89,,,,,
197408,688.995,2735.222,987.592,1604.223,,,,,
197407,703.241,2687.414,1013.51,1581.456,,,,,
197406,655.169,2526.551,936.124,1528.118,,,,,
197405,688.286,2610.64,1010.945,1559.392,,,,,
197404,754.176,2427.63,1215.416,1469.842,,,,,
197403,863.512,2591.78,1436.363,1483.195,,,,,
197402,907.821,2504.584,1562.936,1341.826,,,,,
197401,1039.088,2601.723,1823.499,1441.921,,,,,
197312,914.274,2927.596,1507.395,1537.891,,,,,
197311,800.97,2937.298,1197.249,1585.217,,,,,
197310,693.462,2911.515,991.668,1580.742,,,,,
197309,651.041,2661.997,956.55,1505.857,,,,,
197308,706.301,2817.613,1018.978,1649.55,,,,,
197307,693.949,2691.487,981.183,1587.202,,,,,
197306,687.473,2641.221,933.663,1543.553,,,,,
197305,696.114,2741.81,1015.008,1624.436,,,,,
197304,735.461,2550.21,1177.661,1482.632,,,,,
197303,884.437,2579.613,1497.067,1564.016,,,,,
197302,1001.92,2460.752,1687.255,1442.127,,,,,
197301,1079.31,2701.524,1932.187,1509.552,,,,,
